key,last_date,positif,sembuh,meninggal,lon,lat,jumlah_kasus,jumlah_sembuh,jumlah_meninggal,jumlah_dirawatDKI JAKARTA,2020-08-13,608,387,11,106.83611829006928,-6.204698991169558,27761,17836,974,8951JAWA TIMUR,2020-08-13,341,383,22,112.73294137529294,-7.72334557860008,26561,19548,1953,5060JAWA TENGAH,2020-08-13,204,103,14,110.20111493755839,-7.259097176704969,11148,7111,765,3272SULAWESI SELATAN,2020-08-13,81,60,1,120.16205590507643,-3.7310807143894262,10756,7510,339,2907JAWA BARAT,2020-08-13,111,29,1,107.60370834146391,-6.920432082789247,7914,4583,234,3097KALIMANTAN SELATAN,2020-08-13,45,26,4,115.43857828622947,-2.993594978837896,6934,4248,314,2372SUMATERA UTARA,2020-08-13,94,148,5,99.05196442214273,2.1918944531362854,5358,2337,236,2785BALI,2020-08-13,35,37,0,115.13171361168976,-8.369471688211744,3927,3425,49,453SUMATERA SELATAN,2020-08-13,27,43,0,104.16946472724611,-3.216211808074814,3805,2454,203,1148PAPUA,2020-08-13,31,9,0,138.69602998221484,-4.666209529820138,3336,1958,35,1343SULAWESI UTARA,2020-08-13,125,20,0,124.52123964154268,1.25963821247857,3150,1739,143,1268NUSA TENGGARA BARAT,2020-08-13,13,48,0,117.50862565333749,-8.606998865706263,2375,1611,129,635BANTEN,2020-08-13,37,49,0,106.10900433346703,-6.45673638769843,2187,1559,98,530KALIMANTAN TENGAH,2020-08-13,44,70,2,113.41765363593119,-1.6024846527267131,2131,1558,99,474KALIMANTAN TIMUR,2020-08-13,23,30,1,116.46844046560851,0.4538580295500849,2129,1411,61,657MALUKU UTARA,2020-08-13,8,36,0,127.53910724599248,0.21203694908578316,1717,958,59,700GORONTALO,2020-08-13,8,24,0,122.37605812253207,0.687002604326393,1672,1246,44,382MALUKU,2020-08-13,39,24,0,129.576792,-3.192572,1406,910,25,471SUMATERA BARAT,2020-08-13,42,20,1,100.46506235673566,-0.850253225078247,1258,854,37,367SULAWESI TENGGARA,2020-08-13,30,38,0,122.07031100195121,-4.124688793498832,1106,769,18,319DAERAH ISTIMEWA YOGYAKARTA,2020-08-13,11,13,0,110.44487831193419,-7.894501850215696,911,646,26,239RIAU,2020-08-13,68,47,0,101.80510917866684,0.5116478513723942,889,536,14,339ACEH,2020-08-13,0,0,1,96.9105217406655,4.225614627700759,748,191,22,535KEPULAUAN RIAU,2020-08-13,14,11,1,108.261746,3.916346,613,365,26,222PAPUA BARAT,2020-08-13,24,19,0,132.9762624116817,-2.045160182312363,595,418,7,170KALIMANTAN BARAT,2020-08-13,10,18,0,111.12117763730221,-0.08647457175645347,439,399,4,36LAMPUNG,2020-08-13,7,4,0,105.0214365998642,-4.916792974850312,327,234,13,80KALIMANTAN UTARA,2020-08-13,9,7,0,116.2188791390853,2.8910126208140725,312,286,2,24SULAWESI BARAT,2020-08-13,5,9,1,119.34501936431505,-2.4617460526098855,287,187,7,93BENGKULU,2020-08-13,4,7,0,102.33842134883429,-3.5335836266267204,264,158,24,82SULAWESI TENGAH,2020-08-13,0,1,0,121.20109267528304,-1.0041366797829747,220,197,7,16JAMBI,2020-08-13,0,0,0,102.72364042732815,-1.6976976604117253,215,119,4,92KEPULAUAN BANGKA BELITUNG,2020-08-13,0,0,0,106.54993237860324,-2.4474441268980818,203,195,2,6NUSA TENGGARA TIMUR,2020-08-13,0,0,0,121.592271,-8.682205,162,137,1,24key,last_date,positif,sembuh,meninggal,lon,lat,jumlah_kasus,jumlah_sembuh,jumlah_meninggal,jumlah_dirawatDKI JAKARTA,2020-08-14,538,692,4,106.83611829006928,-6.204698991169558,28299,18528,974,8797JAWA TIMUR,2020-08-14,418,468,2,112.73294137529294,-7.72334557860008,26979,20016,1955,5008JAWA TENGAH,2020-08-14,192,53,9,110.20111493755839,-7.259097176704969,11340,7164,774,3402SULAWESI SELATAN,2020-08-14,37,120,4,120.16205590507643,-3.7310807143894262,10793,7630,343,2820JAWA BARAT,2020-08-14,361,20,1,107.60370834146391,-6.920432082789247,8275,4591,235,3449KALIMANTAN SELATAN,2020-08-14,55,57,2,115.43857828622947,-2.993594978837896,6989,4305,316,2368SUMATERA UTARA,2020-08-14,69,101,4,99.05196442214273,2.1918944531362854,5427,2438,240,2749BALI,2020-08-14,53,59,0,115.13171361168976,-8.369471688211744,3980,3484,49,447SUMATERA SELATAN,2020-08-14,39,112,2,104.16946472724611,-3.216211808074814,3844,2527,205,1112PAPUA,2020-08-14,9,3,0,138.69602998221484,-4.666209529820138,3345,1961,35,1349SULAWESI UTARA,2020-08-14,61,82,0,124.52123964154268,1.25963821247857,3211,1821,143,1247NUSA TENGGARA BARAT,2020-08-14,24,18,0,117.50862565333749,-8.606998865706263,2399,1611,129,659KALIMANTAN TIMUR,2020-08-14,98,67,4,116.46844046560851,0.4538580295500849,2227,1478,65,684BANTEN,2020-08-14,21,9,1,106.10900433346703,-6.45673638769843,2208,1560,99,549KALIMANTAN TENGAH,2020-08-14,20,22,1,113.41765363593119,-1.6024846527267131,2151,1580,100,471MALUKU UTARA,2020-08-14,12,0,0,127.53910724599248,0.21203694908578316,1729,958,59,712GORONTALO,2020-08-14,3,25,2,122.37605812253207,0.687002604326393,1675,1271,44,360MALUKU,2020-08-14,10,1,0,129.576792,-3.192572,1416,910,25,481SUMATERA BARAT,2020-08-14,42,15,1,100.46506235673566,-0.850253225078247,1300,869,38,393SULAWESI TENGGARA,2020-08-14,33,43,0,122.07031100195121,-4.124688793498832,1139,812,18,309DAERAH ISTIMEWA YOGYAKARTA,2020-08-14,35,12,2,110.44487831193419,-7.894501850215696,946,658,28,260RIAU,2020-08-14,29,52,0,101.80510917866684,0.5116478513723942,918,536,14,368ACEH,2020-08-14,92,0,2,96.9105217406655,4.225614627700759,840,191,24,625KEPULAUAN RIAU,2020-08-14,12,16,0,108.261746,3.916346,625,365,26,234PAPUA BARAT,2020-08-14,0,19,0,132.9762624116817,-2.045160182312363,595,437,7,151KALIMANTAN BARAT,2020-08-14,5,1,0,111.12117763730221,-0.08647457175645347,444,399,4,41LAMPUNG,2020-08-14,5,0,0,105.0214365998642,-4.916792974850312,332,234,13,85KALIMANTAN UTARA,2020-08-14,0,0,0,116.2188791390853,2.8910126208140725,312,286,2,24SULAWESI BARAT,2020-08-14,12,4,0,119.34501936431505,-2.4617460526098855,299,191,7,101BENGKULU,2020-08-14,10,0,0,102.33842134883429,-3.5335836266267204,274,158,24,92SULAWESI TENGAH,2020-08-14,3,0,0,121.20109267528304,-1.0041366797829747,223,197,7,19JAMBI,2020-08-14,7,1,0,102.72364042732815,-1.6976976604117253,222,120,4,98KEPULAUAN BANGKA BELITUNG,2020-08-14,2,0,0,106.54993237860324,-2.4474441268980818,205,195,2,8NUSA TENGGARA TIMUR,2020-08-14,0,0,0,121.592271,-8.682205,162,137,1,24DKI JAKARTA,2020-08-15,583,526,6,106.83611829006928,-6.204698991169558,28882,19054,980,8848
JAWA TIMUR,2020-08-15,436,455,21,112.73294137529294,-7.72334557860008,27415,20471,1988,4956
JAWA TENGAH,2020-08-15,131,59,6,110.20111493755839,-7.259097176704969,11471,7223,780,3468
SULAWESI SELATAN,2020-08-15,102,61,0,120.16205590507643,-3.7310807143894262,10895,7691,343,2861
JAWA BARAT,2020-08-15,237,36,0,107.60370834146391,-6.920432082789247,8512,4627,235,3650
KALIMANTAN SELATAN,2020-08-15,62,36,3,115.43857828622947,-2.993594978837896,7051,4341,319,2391
SUMATERA UTARA,2020-08-15,195,73,3,99.05196442214273,2.1918944531362854,5622,2511,243,2868
BALI,2020-08-15,44,42,0,115.13171361168976,-8.369471688211744,4024,3526,49,449
SUMATERA SELATAN,2020-08-15,36,36,1,104.16946472724611,-3.216211808074814,3880,2563,206,1111
PAPUA,2020-08-15,0,36,0,138.69602998221484,-4.666209529820138,3345,1997,35,1313
SULAWESI UTARA,2020-08-15,50,55,1,124.52123964154268,1.25963821247857,3261,1876,144,1241
NUSA TENGGARA BARAT,2020-08-15,22,15,2,117.50862565333749,-8.606998865706263,2421,1626,131,664
KALIMANTAN TIMUR,2020-08-15,56,12,1,116.46844046560851,0.4538580295500849,2283,1490,66,727
BANTEN,2020-08-15,33,20,0,106.10900433346703,-6.45673638769843,2241,1580,99,562
KALIMANTAN TENGAH,2020-08-15,37,30,0,113.41765363593119,-1.6024846527267131,2188,1610,100,478
MALUKU UTARA,2020-08-15,10,48,0,127.53910724599248,0.21203694908578316,1739,1006,59,674
GORONTALO,2020-08-15,40,18,1,122.37605812253207,0.687002604326393,1715,1289,45,381
MALUKU,2020-08-15,32,27,3,129.576792,-3.192572,1448,937,28,483
SUMATERA BARAT,2020-08-15,37,19,0,100.46506235673566,-0.850253225078247,1337,888,38,411
SULAWESI TENGGARA,2020-08-15,28,9,0,122.07031100195121,-4.124688793498832,1167,821,18,328
DAERAH ISTIMEWA YOGYAKARTA,2020-08-15,46,4,0,110.44487831193419,-7.894501850215696,992,662,28,302
RIAU,2020-08-15,41,45,0,101.80510917866684,0.5116478513723942,959,581,14,364
ACEH,2020-08-15,25,0,2,96.9105217406655,4.225614627700759,865,191,26,648
KEPULAUAN RIAU,2020-08-15,22,6,0,108.261746,3.916346,647,371,26,250
PAPUA BARAT,2020-08-15,6,2,0,132.9762624116817,-2.045160182312363,601,439,7,155
KALIMANTAN BARAT,2020-08-15,3,6,0,111.12117763730221,-0.08647457175645347,447,405,4,38
LAMPUNG,2020-08-15,0,13,0,105.0214365998642,-4.916792974850312,332,247,13,72
KALIMANTAN UTARA,2020-08-15,13,0,0,116.2188791390853,2.8910126208140725,325,286,2,37
SULAWESI BARAT,2020-08-15,7,12,0,119.34501936431505,-2.4617460526098855,306,203,7,96
BENGKULU,2020-08-15,3,0,0,102.33842134883429,-3.5335836266267204,277,158,24,95
JAMBI,2020-08-15,3,1,0,102.72364042732815,-1.6976976604117253,225,121,4,100
SULAWESI TENGAH,2020-08-15,0,0,0,121.20109267528304,-1.0041366797829747,223,197,7,19
KEPULAUAN BANGKA BELITUNG,2020-08-15,2,0,0,106.54993237860324,-2.4474441268980818,207,195,2,10
NUSA TENGGARA TIMUR,2020-08-15,3,1,0,121.592271,-8.682205,165,138,1,26
DKI JAKARTA,2020-08-17,552,209,14,106.83611829006928,-6.204698991169558,29952,19917,995,9040
JAWA TIMUR,2020-08-17,336,416,14,112.73294137529294,-7.72334557860008,28239,21255,2037,4947
JAWA TENGAH,2020-08-17,36,42,5,110.20111493755839,-7.259097176704969,11675,7327,791,3557
SULAWESI SELATAN,2020-08-17,97,87,3,120.16205590507643,-3.7310807143894262,11148,7840,346,2962
JAWA BARAT,2020-08-17,45,45,1,107.60370834146391,-6.920432082789247,8640,4713,238,3689
KALIMANTAN SELATAN,2020-08-17,90,126,6,115.43857828622947,-2.993594978837896,7241,4550,325,2366
SUMATERA UTARA,2020-08-17,17,46,3,99.05196442214273,2.1918944531362854,5690,2659,248,2783
BALI,2020-08-17,45,46,0,115.13171361168976,-8.369471688211744,4110,3624,50,436
SUMATERA SELATAN,2020-08-17,1,28,0,104.16946472724611,-3.216211808074814,3910,2626,206,1078
PAPUA,2020-08-17,10,4,0,138.69602998221484,-4.666209529820138,3432,2021,36,1375
SULAWESI UTARA,2020-08-17,6,68,1,124.52123964154268,1.25963821247857,3288,2035,147,1106
KALIMANTAN TIMUR,2020-08-17,116,66,4,116.46844046560851,0.4538580295500849,2485,1610,93,782
NUSA TENGGARA BARAT,2020-08-17,22,13,1,117.50862565333749,-8.606998865706263,2458,1659,132,667
BANTEN,2020-08-17,17,19,0,106.10900433346703,-6.45673638769843,2301,1617,100,584
KALIMANTAN TENGAH,2020-08-17,27,30,0,113.41765363593119,-1.6024846527267131,2215,1640,100,475
GORONTALO,2020-08-17,67,4,2,122.37605812253207,0.687002604326393,1788,1309,47,432
MALUKU UTARA,2020-08-17,3,6,0,127.53910724599248,0.21203694908578316,1744,1035,59,650
MALUKU,2020-08-17,26,0,1,129.576792,-3.192572,1521,946,29,546
SUMATERA BARAT,2020-08-17,26,18,1,100.46506235673566,-0.850253225078247,1376,914,41,421
SULAWESI TENGGARA,2020-08-17,14,13,0,122.07031100195121,-4.124688793498832,1216,842,18,356
ACEH,2020-08-17,168,0,0,96.9105217406655,4.225614627700759,1044,191,26,827
DAERAH ISTIMEWA YOGYAKARTA,2020-08-17,16,7,0,110.44487831193419,-7.894501850215696,1041,682,28,331
RIAU,2020-08-17,34,17,1,101.80510917866684,0.5116478513723942,1017,618,16,383
KEPULAUAN RIAU,2020-08-17,7,10,0,108.261746,3.916346,664,382,27,255
PAPUA BARAT,2020-08-17,2,1,0,132.9762624116817,-2.045160182312363,607,451,7,149
KALIMANTAN BARAT,2020-08-17,0,0,0,111.12117763730221,-0.08647457175645347,447,407,4,36
LAMPUNG,2020-08-17,2,31,0,105.0214365998642,-4.916792974850312,343,278,14,51
KALIMANTAN UTARA,2020-08-17,1,2,0,116.2188791390853,2.8910126208140725,329,288,2,39
SULAWESI BARAT,2020-08-17,12,0,0,119.34501936431505,-2.4617460526098855,319,211,7,101
BENGKULU,2020-08-17,0,0,0,102.33842134883429,-3.5335836266267204,279,158,24,97
JAMBI,2020-08-17,20,1,0,102.72364042732815,-1.6976976604117253,245,122,4,119
SULAWESI TENGAH,2020-08-17,4,0,0,121.20109267528304,-1.0041366797829747,227,197,7,23
KEPULAUAN BANGKA BELITUNG,2020-08-17,2,0,0,106.54993237860324,-2.4474441268980818,214,196,2,16
NUSA TENGGARA TIMUR,2020-08-17,0,0,0,121.592271,-8.682205,165,138,1,26
DKI JAKARTA,2020-08-18,513,588,19,106.83611829006928,-6.204698991169558,30465,20505,1014,8946
JAWA TIMUR,2020-08-18,312,377,18,112.73294137529294,-7.72334557860008,28551,21632,2055,4864
JAWA TENGAH,2020-08-18,118,95,10,110.20111493755839,-7.259097176704969,11793,7422,801,3570
SULAWESI SELATAN,2020-08-18,39,223,0,120.16205590507643,-3.7310807143894262,11187,8063,346,2778
JAWA BARAT,2020-08-18,45,16,0,107.60370834146391,-6.920432082789247,8685,4729,238,3718
KALIMANTAN SELATAN,2020-08-18,40,40,0,115.43857828622947,-2.993594978837896,7281,4590,325,2366
SUMATERA UTARA,2020-08-18,130,81,8,99.05196442214273,2.1918944531362854,5820,2740,256,2824
BALI,2020-08-18,48,24,1,115.13171361168976,-8.369471688211744,4158,3648,51,459
SUMATERA SELATAN,2020-08-18,9,15,1,104.16946472724611,-3.216211808074814,3919,2641,207,1071
PAPUA,2020-08-18,0,0,0,138.69602998221484,-4.666209529820138,3432,2021,36,1375
SULAWESI UTARA,2020-08-18,27,82,1,124.52123964154268,1.25963821247857,3315,2117,148,1050
KALIMANTAN TIMUR,2020-08-18,93,34,1,116.46844046560851,0.4538580295500849,2578,1644,94,840
NUSA TENGGARA BARAT,2020-08-18,23,19,2,117.50862565333749,-8.606998865706263,2481,1678,134,669
BANTEN,2020-08-18,63,7,1,106.10900433346703,-6.45673638769843,2364,1624,101,639
KALIMANTAN TENGAH,2020-08-18,43,70,2,113.41765363593119,-1.6024846527267131,2258,1710,102,446
GORONTALO,2020-08-18,33,53,0,122.37605812253207,0.687002604326393,1821,1362,47,412
MALUKU UTARA,2020-08-18,2,0,0,127.53910724599248,0.21203694908578316,1746,1035,59,652
MALUKU,2020-08-18,9,28,1,129.576792,-3.192572,1530,974,30,526
SUMATERA BARAT,2020-08-18,37,4,2,100.46506235673566,-0.850253225078247,1413,918,43,452
SULAWESI TENGGARA,2020-08-18,1,7,0,122.07031100195121,-4.124688793498832,1217,849,18,350
ACEH,2020-08-18,25,0,2,96.9105217406655,4.225614627700759,1069,191,28,850
DAERAH ISTIMEWA YOGYAKARTA,2020-08-18,18,13,1,110.44487831193419,-7.894501850215696,1059,695,29,335
RIAU,2020-08-18,22,22,0,101.80510917866684,0.5116478513723942,1039,640,16,383
KEPULAUAN RIAU,2020-08-18,0,0,0,108.261746,3.916346,664,382,27,255
PAPUA BARAT,2020-08-18,13,34,0,132.9762624116817,-2.045160182312363,620,485,7,128
KALIMANTAN BARAT,2020-08-18,5,2,0,111.12117763730221,-0.08647457175645347,452,409,4,39
LAMPUNG,2020-08-18,0,0,0,105.0214365998642,-4.916792974850312,343,278,14,51
KALIMANTAN UTARA,2020-08-18,0,6,0,116.2188791390853,2.8910126208140725,329,294,2,33
SULAWESI BARAT,2020-08-18,1,6,0,119.34501936431505,-2.4617460526098855,320,217,7,96
BENGKULU,2020-08-18,1,0,0,102.33842134883429,-3.5335836266267204,280,158,24,98
JAMBI,2020-08-18,0,0,0,102.72364042732815,-1.6976976604117253,245,122,4,119
SULAWESI TENGAH,2020-08-18,1,0,0,121.20109267528304,-1.0041366797829747,228,197,7,24
KEPULAUAN BANGKA BELITUNG,2020-08-18,2,2,0,106.54993237860324,-2.4474441268980818,216,198,2,16
NUSA TENGGARA TIMUR,2020-08-18,0,0,0,121.592271,-8.682205,165,138,1,26
DKI JAKARTA,2020-08-31,1049,404,14,106.83611829006928,-6.204698991169558,40086,30538,1197,8351
JAWA TIMUR,2020-08-31,323,383,21,112.73294137529294,-7.72334557860008,33543,26139,2370,5034
JAWA TENGAH,2020-08-31,179,100,8,110.20111493755839,-7.259097176704969,13964,8973,998,3993
SULAWESI SELATAN,2020-08-31,109,87,0,120.16205590507643,-3.7310807143894262,11978,9247,360,2371
JAWA BARAT,2020-08-31,148,57,8,107.60370834146391,-6.920432082789247,11063,6150,273,4640
KALIMANTAN SELATAN,2020-08-31,32,42,1,115.43857828622947,-2.993594978837896,8288,6288,354,1646
SUMATERA UTARA,2020-08-31,58,60,3,99.05196442214273,2.1918944531362854,6827,3966,314,2547
BALI,2020-08-31,129,79,3,115.13171361168976,-8.369471688211744,5207,4434,68,705
SUMATERA SELATAN,2020-08-31,53,26,2,104.16946472724611,-3.216211808074814,4454,3157,252,1045
KALIMANTAN TIMUR,2020-08-31,124,72,1,116.46844046560851,0.4538580295500849,4244,2390,161,1693
SULAWESI UTARA,2020-08-31,15,36,0,124.52123964154268,1.25963821247857,3848,2738,156,954
PAPUA,2020-08-31,0,0,0,138.69602998221484,-4.666209529820138,3796,3114,43,639
BANTEN,2020-08-31,31,25,0,106.10900433346703,-6.45673638769843,2903,2043,108,752
NUSA TENGGARA BARAT,2020-08-31,14,27,2,117.50862565333749,-8.606998865706263,2742,2047,159,536
KALIMANTAN TENGAH,2020-08-31,41,22,0,113.41765363593119,-1.6024846527267131,2548,1998,108,442
SUMATERA BARAT,2020-08-31,89,27,0,100.46506235673566,-0.850253225078247,2157,1223,56,878
GORONTALO,2020-08-31,0,16,0,122.37605812253207,0.687002604326393,2041,1789,54,198
MALUKU UTARA,2020-08-31,2,0,0,127.53910724599248,0.21203694908578316,1860,1579,66,215
MALUKU,2020-08-31,25,56,0,129.576792,-3.192572,1857,1158,33,666
RIAU,2020-08-31,107,43,4,101.80510917866684,0.5116478513723942,1846,1008,34,804
ACEH,2020-08-31,33,66,2,96.9105217406655,4.225614627700759,1633,312,63,1258
SULAWESI TENGGARA,2020-08-31,2,23,2,122.07031100195121,-4.124688793498832,1566,1072,30,464
DAERAH ISTIMEWA YOGYAKARTA,2020-08-31,28,50,2,110.44487831193419,-7.894501850215696,1425,1026,39,360
KEPULAUAN RIAU,2020-08-31,90,23,1,108.261746,3.916346,990,575,38,377
PAPUA BARAT,2020-08-31,55,6,0,132.9762624116817,-2.045160182312363,807,569,13,225
KALIMANTAN BARAT,2020-08-31,0,17,0,111.12117763730221,-0.08647457175645347,645,557,5,83
LAMPUNG,2020-08-31,6,5,0,105.0214365998642,-4.916792974850312,395,329,14,52
SULAWESI BARAT,2020-08-31,2,0,0,119.34501936431505,-2.4617460526098855,395,270,7,118
KALIMANTAN UTARA,2020-08-31,2,4,0,116.2188791390853,2.8910126208140725,384,329,2,53
BENGKULU,2020-08-31,0,4,0,102.33842134883429,-3.5335836266267204,343,186,25,132
JAMBI,2020-08-31,0,7,0,102.72364042732815,-1.6976976604117253,302,156,5,141
SULAWESI TENGAH,2020-08-31,2,1,0,121.20109267528304,-1.0041366797829747,243,220,8,15
KEPULAUAN BANGKA BELITUNG,2020-08-31,0,6,0,106.54993237860324,-2.4474441268980818,239,223,2,14
NUSA TENGGARA TIMUR,2020-08-31,0,0,0,121.592271,-8.682205,177,156,2,19
DKI JAKARTA,2020-09-21,1352,1299,29,106.83611829006928,-6.204698991169558,63318,49546,1570,12202
JAWA TIMUR,2020-09-21,368,341,25,112.73294137529294,-7.72334557860008,41076,33575,2990,4511
JAWA TENGAH,2020-09-21,238,321,20,110.20111493755839,-7.259097176704969,19754,13306,1272,5176
JAWA BARAT,2020-09-21,694,257,2,107.60370834146391,-6.920432082789247,17502,10167,319,7016
SULAWESI SELATAN,2020-09-21,51,96,3,120.16205590507643,-3.7310807143894262,14403,10633,400,3370
KALIMANTAN SELATAN,2020-09-21,82,96,2,115.43857828622947,-2.993594978837896,9817,8226,401,1190
SUMATERA UTARA,2020-09-21,100,77,2,99.05196442214273,2.1918944531362854,9468,5708,401,3359
BALI,2020-09-21,139,80,6,115.13171361168976,-8.369471688211744,7888,6418,222,1248
KALIMANTAN TIMUR,2020-09-21,178,74,6,116.46844046560851,0.4538580295500849,6954,4528,272,2154
SUMATERA SELATAN,2020-09-21,47,56,1,104.16946472724611,-3.216211808074814,5449,3990,324,1135
RIAU,2020-09-21,160,33,6,101.80510917866684,0.5116478513723942,5448,2194,106,3148
PAPUA,2020-09-21,29,0,0,138.69602998221484,-4.666209529820138,5176,3558,72,1546
BANTEN,2020-09-21,121,55,7,106.10900433346703,-6.45673638769843,4464,2737,136,1591
SUMATERA BARAT,2020-09-21,181,88,1,100.46506235673566,-0.850253225078247,4448,2303,94,2051
SULAWESI UTARA,2020-09-21,23,20,2,124.52123964154268,1.25963821247857,4317,3371,170,776
ACEH,2020-09-21,99,376,2,96.9105217406655,4.225614627700759,3694,1680,136,1878
KALIMANTAN TENGAH,2020-09-21,24,22,2,113.41765363593119,-1.6024846527267131,3296,2549,130,617
NUSA TENGGARA BARAT,2020-09-21,25,12,3,117.50862565333749,-8.606998865706263,3126,2442,185,499
MALUKU,2020-09-21,49,2,1,129.576792,-3.192572,2615,1632,39,944
GORONTALO,2020-09-21,2,20,0,122.37605812253207,0.687002604326393,2437,2143,69,225
DAERAH ISTIMEWA YOGYAKARTA,2020-09-21,64,37,2,110.44487831193419,-7.894501850215696,2245,1543,60,642
SULAWESI TENGGARA,2020-09-21,36,45,1,122.07031100195121,-4.124688793498832,2223,1417,48,758
MALUKU UTARA,2020-09-21,19,0,1,127.53910724599248,0.21203694908578316,2011,1787,73,151
KEPULAUAN RIAU,2020-09-21,85,0,0,108.261746,3.916346,1724,1174,56,494
PAPUA BARAT,2020-09-21,21,13,0,132.9762624116817,-2.045160182312363,1516,917,26,573
KALIMANTAN BARAT,2020-09-21,5,15,0,111.12117763730221,-0.08647457175645347,872,720,7,145
LAMPUNG,2020-09-21,10,0,0,105.0214365998642,-4.916792974850312,738,436,29,273
BENGKULU,2020-09-21,0,27,0,102.33842134883429,-3.5335836266267204,536,307,31,198
SULAWESI BARAT,2020-09-21,1,0,0,119.34501936431505,-2.4617460526098855,505,378,7,120
KALIMANTAN UTARA,2020-09-21,3,2,0,116.2188791390853,2.8910126208140725,492,423,3,66
JAMBI,2020-09-21,0,1,0,102.72364042732815,-1.6976976604117253,386,256,8,122
NUSA TENGGARA TIMUR,2020-09-21,0,0,0,121.592271,-8.682205,321,231,5,85
SULAWESI TENGAH,2020-09-21,1,1,0,121.20109267528304,-1.0041366797829747,321,234,12,75
KEPULAUAN BANGKA BELITUNG,2020-09-21,1,4,0,106.54993237860324,-2.4474441268980818,312,268,4,40
DKI JAKARTA,2020-09-22,1236,843,30,106.83611829006928,-6.204698991169558,64552,50389,1600,12563
JAWA TIMUR,2020-09-22,341,403,25,112.73294137529294,-7.72334557860008,41417,33978,3015,4424
JAWA TENGAH,2020-09-22,228,406,42,110.20111493755839,-7.259097176704969,19982,13712,1314,4956
JAWA BARAT,2020-09-22,604,605,11,107.60370834146391,-6.920432082789247,18079,10755,330,6994
SULAWESI SELATAN,2020-09-22,133,89,1,120.16205590507643,-3.7310807143894262,14524,10722,401,3401
KALIMANTAN SELATAN,2020-09-22,85,40,0,115.43857828622947,-2.993594978837896,9902,8266,401,1235
SUMATERA UTARA,2020-09-22,98,44,1,99.05196442214273,2.1918944531362854,9566,5752,402,3412
BALI,2020-09-22,108,119,7,115.13171361168976,-8.369471688211744,7996,6537,229,1230
KALIMANTAN TIMUR,2020-09-22,114,152,5,116.46844046560851,0.4538580295500849,7068,4680,277,2111
RIAU,2020-09-22,253,133,0,101.80510917866684,0.5116478513723942,5701,2327,106,3268
SUMATERA SELATAN,2020-09-22,48,57,1,104.16946472724611,-3.216211808074814,5497,4047,325,1125
PAPUA,2020-09-22,73,12,2,138.69602998221484,-4.666209529820138,5249,3570,74,1605
SUMATERA BARAT,2020-09-22,201,90,2,100.46506235673566,-0.850253225078247,4649,2393,96,2160
BANTEN,2020-09-22,129,122,16,106.10900433346703,-6.45673638769843,4593,2859,152,1582
SULAWESI UTARA,2020-09-22,12,28,1,124.52123964154268,1.25963821247857,4329,3399,171,759
ACEH,2020-09-22,91,94,6,96.9105217406655,4.225614627700759,3785,1774,142,1869
KALIMANTAN TENGAH,2020-09-22,0,0,0,113.41765363593119,-1.6024846527267131,3296,2549,130,617
NUSA TENGGARA BARAT,2020-09-22,11,15,2,117.50862565333749,-8.606998865706263,3137,2457,187,493
MALUKU,2020-09-22,37,31,1,129.576792,-3.192572,2652,1663,40,949
GORONTALO,2020-09-22,4,11,2,122.37605812253207,0.687002604326393,2441,2154,71,216
DAERAH ISTIMEWA YOGYAKARTA,2020-09-22,67,35,0,110.44487831193419,-7.894501850215696,2312,1578,60,674
SULAWESI TENGGARA,2020-09-22,42,117,2,122.07031100195121,-4.124688793498832,2261,1533,50,678
MALUKU UTARA,2020-09-22,3,0,1,127.53910724599248,0.21203694908578316,2014,1787,74,153
KEPULAUAN RIAU,2020-09-22,23,5,0,108.261746,3.916346,1747,1179,56,512
PAPUA BARAT,2020-09-22,71,3,0,132.9762624116817,-2.045160182312363,1587,920,26,641
KALIMANTAN BARAT,2020-09-22,11,0,0,111.12117763730221,-0.08647457175645347,883,720,7,156
LAMPUNG,2020-09-22,24,24,1,105.0214365998642,-4.916792974850312,762,460,30,272
BENGKULU,2020-09-22,5,28,0,102.33842134883429,-3.5335836266267204,541,335,31,175
SULAWESI BARAT,2020-09-22,25,2,0,119.34501936431505,-2.4617460526098855,530,380,7,143
KALIMANTAN UTARA,2020-09-22,11,6,0,116.2188791390853,2.8910126208140725,503,429,3,71
JAMBI,2020-09-22,0,0,0,102.72364042732815,-1.6976976604117253,386,256,8,122
NUSA TENGGARA TIMUR,2020-09-22,11,0,0,121.592271,-8.682205,332,231,5,96
SULAWESI TENGAH,2020-09-22,9,4,1,121.20109267528304,-1.0041366797829747,330,238,13,79
KEPULAUAN BANGKA BELITUNG,2020-09-22,8,1,0,106.54993237860324,-2.4474441268980818,320,269,4,47
DKI JAKARTA,2020-09-23,1135,1105,28,106.83611829006928,-6.204698991169558,65687,51494,1628,12565
JAWA TIMUR,2020-09-23,338,453,20,112.73294137529294,-7.72334557860008,41755,34431,3035,4289
JAWA TENGAH,2020-09-23,257,371,20,110.20111493755839,-7.259097176704969,20239,14083,1334,4822
JAWA BARAT,2020-09-23,518,170,13,107.60370834146391,-6.920432082789247,18593,10925,343,7325
SULAWESI SELATAN,2020-09-23,124,81,1,120.16205590507643,-3.7310807143894262,14648,10803,402,3443
KALIMANTAN SELATAN,2020-09-23,82,104,3,115.43857828622947,-2.993594978837896,9984,8370,404,1210
SUMATERA UTARA,2020-09-23,87,115,5,99.05196442214273,2.1918944531362854,9653,5867,407,3379
BALI,2020-09-23,132,86,7,115.13171361168976,-8.369471688211744,8126,6623,236,1267
KALIMANTAN TIMUR,2020-09-23,196,222,4,116.46844046560851,0.4538580295500849,7264,4902,281,2081
RIAU,2020-09-23,188,325,11,101.80510917866684,0.5116478513723942,5889,2652,117,3120
SUMATERA SELATAN,2020-09-23,110,14,5,104.16946472724611,-3.216211808074814,5607,4061,330,1216
PAPUA,2020-09-23,139,50,4,138.69602998221484,-4.666209529820138,5387,3620,78,1689
SUMATERA BARAT,2020-09-23,204,105,2,100.46506235673566,-0.850253225078247,4853,2498,98,2257
BANTEN,2020-09-23,216,40,7,106.10900433346703,-6.45673638769843,4809,2899,159,1751
SULAWESI UTARA,2020-09-23,6,16,0,124.52123964154268,1.25963821247857,4335,3415,171,749
ACEH,2020-09-23,50,0,3,96.9105217406655,4.225614627700759,3835,1774,145,1916
KALIMANTAN TENGAH,2020-09-23,92,38,0,113.41765363593119,-1.6024846527267131,3388,2587,130,671
NUSA TENGGARA BARAT,2020-09-23,24,20,0,117.50862565333749,-8.606998865706263,3161,2477,187,497
MALUKU,2020-09-23,2,24,0,129.576792,-3.192572,2654,1687,40,927
GORONTALO,2020-09-23,48,15,2,122.37605812253207,0.687002604326393,2489,2169,73,247
DAERAH ISTIMEWA YOGYAKARTA,2020-09-23,63,56,1,110.44487831193419,-7.894501850215696,2375,1634,61,680
SULAWESI TENGGARA,2020-09-23,90,134,1,122.07031100195121,-4.124688793498832,2351,1667,51,633
MALUKU UTARA,2020-09-23,21,0,0,127.53910724599248,0.21203694908578316,2035,1787,74,174
KEPULAUAN RIAU,2020-09-23,117,19,0,108.261746,3.916346,1864,1198,56,610
PAPUA BARAT,2020-09-23,87,19,0,132.9762624116817,-2.045160182312363,1674,939,26,709
KALIMANTAN BARAT,2020-09-23,6,2,1,111.12117763730221,-0.08647457175645347,889,722,8,159
LAMPUNG,2020-09-23,16,34,0,105.0214365998642,-4.916792974850312,778,494,30,254
BENGKULU,2020-09-23,31,18,0,102.33842134883429,-3.5335836266267204,572,353,31,188
SULAWESI BARAT,2020-09-23,10,5,0,119.34501936431505,-2.4617460526098855,540,385,7,148
KALIMANTAN UTARA,2020-09-23,29,4,0,116.2188791390853,2.8910126208140725,532,433,3,96
JAMBI,2020-09-23,9,4,0,102.72364042732815,-1.6976976604117253,395,260,8,127
NUSA TENGGARA TIMUR,2020-09-23,17,9,1,121.592271,-8.682205,349,240,6,103
SULAWESI TENGAH,2020-09-23,14,2,1,121.20109267528304,-1.0041366797829747,344,240,14,90
KEPULAUAN BANGKA BELITUNG,2020-09-23,14,0,0,106.54993237860324,-2.4474441268980818,334,269,4,61
DKI JAKARTA,2020-09-24,1044,1154,20,106.83611829006928,-6.204698991169558,66731,52648,1648,12435
JAWA TIMUR,2020-09-24,343,431,27,112.73294137529294,-7.72334557860008,42098,34862,3062,4174
JAWA TENGAH,2020-09-24,434,689,25,110.20111493755839,-7.259097176704969,20673,14770,1359,4544
JAWA BARAT,2020-09-24,809,251,12,107.60370834146391,-6.920432082789247,19397,11174,355,7868
SULAWESI SELATAN,2020-09-24,166,74,3,120.16205590507643,-3.7310807143894262,14813,10877,405,3531
KALIMANTAN SELATAN,2020-09-24,63,81,2,115.43857828622947,-2.993594978837896,10047,8451,406,1190
SUMATERA UTARA,2020-09-24,96,139,3,99.05196442214273,2.1918944531362854,9749,6006,410,3333
BALI,2020-09-24,119,131,5,115.13171361168976,-8.369471688211744,8245,6754,241,1250
KALIMANTAN TIMUR,2020-09-24,195,123,5,116.46844046560851,0.4538580295500849,7459,5025,286,2148
RIAU,2020-09-24,231,115,9,101.80510917866684,0.5116478513723942,6120,2767,126,3227
SUMATERA SELATAN,2020-09-24,83,32,1,104.16946472724611,-3.216211808074814,5690,4093,331,1266
PAPUA,2020-09-24,266,68,2,138.69602998221484,-4.666209529820138,5653,3688,80,1885
SUMATERA BARAT,2020-09-24,302,143,2,100.46506235673566,-0.850253225078247,5155,2641,100,2414
BANTEN,2020-09-24,130,83,1,106.10900433346703,-6.45673638769843,4939,2982,160,1797
SULAWESI UTARA,2020-09-24,22,36,1,124.52123964154268,1.25963821247857,4357,3451,172,734
ACEH,2020-09-24,56,115,0,96.9105217406655,4.225614627700759,3891,1889,145,1857
KALIMANTAN TENGAH,2020-09-24,39,19,0,113.41765363593119,-1.6024846527267131,3427,2606,130,691
NUSA TENGGARA BARAT,2020-09-24,39,20,3,117.50862565333749,-8.606998865706263,3200,2497,190,513
MALUKU,2020-09-24,0,0,0,129.576792,-3.192572,2654,1687,40,927
GORONTALO,2020-09-24,0,21,0,122.37605812253207,0.687002604326393,2489,2190,73,226
SULAWESI TENGGARA,2020-09-24,71,84,1,122.07031100195121,-4.124688793498832,2422,1751,52,619
DAERAH ISTIMEWA YOGYAKARTA,2020-09-24,22,18,3,110.44487831193419,-7.894501850215696,2397,1652,64,681
MALUKU UTARA,2020-09-24,4,12,0,127.53910724599248,0.21203694908578316,2039,1799,74,166
KEPULAUAN RIAU,2020-09-24,11,16,0,108.261746,3.916346,1875,1214,56,605
PAPUA BARAT,2020-09-24,0,0,0,132.9762624116817,-2.045160182312363,1674,939,26,709
KALIMANTAN BARAT,2020-09-24,16,7,0,111.12117763730221,-0.08647457175645347,905,729,8,168
LAMPUNG,2020-09-24,21,0,0,105.0214365998642,-4.916792974850312,799,494,30,275
BENGKULU,2020-09-24,7,14,0,102.33842134883429,-3.5335836266267204,579,367,31,181
KALIMANTAN UTARA,2020-09-24,18,1,0,116.2188791390853,2.8910126208140725,550,434,3,113
SULAWESI BARAT,2020-09-24,6,10,2,119.34501936431505,-2.4617460526098855,546,395,9,142
JAMBI,2020-09-24,4,2,0,102.72364042732815,-1.6976976604117253,399,262,8,129
NUSA TENGGARA TIMUR,2020-09-24,18,0,0,121.592271,-8.682205,367,240,6,121
SULAWESI TENGAH,2020-09-24,4,3,1,121.20109267528304,-1.0041366797829747,348,243,15,90
KEPULAUAN BANGKA BELITUNG,2020-09-24,1,5,0,106.54993237860324,-2.4474441268980818,335,274,4,57
DKI JAKARTA,2020-09-25,1171,1620,13,106.83611829006928,-6.204698991169558,67902,54268,1661,11973
JAWA TIMUR,2020-09-25,293,343,22,112.73294137529294,-7.72334557860008,42391,35205,3084,4102
JAWA TENGAH,2020-09-25,331,271,13,110.20111493755839,-7.259097176704969,21004,15041,1372,4591
JAWA BARAT,2020-09-25,734,843,13,107.60370834146391,-6.920432082789247,20131,12022,368,7741
SULAWESI SELATAN,2020-09-25,185,84,1,120.16205590507643,-3.7310807143894262,14982,10961,406,3615
KALIMANTAN SELATAN,2020-09-25,33,52,4,115.43857828622947,-2.993594978837896,10080,8503,410,1167
SUMATERA UTARA,2020-09-25,94,101,5,99.05196442214273,2.1918944531362854,9843,6107,415,3321
BALI,2020-09-25,144,74,4,115.13171361168976,-8.369471688211744,8389,6828,245,1316
KALIMANTAN TIMUR,2020-09-25,392,55,8,116.46844046560851,0.4538580295500849,7851,5080,294,2477
RIAU,2020-09-25,195,174,5,101.80510917866684,0.5116478513723942,6315,2941,131,3243
PAPUA,2020-09-25,110,0,0,138.69602998221484,-4.666209529820138,5763,3688,80,1995
SUMATERA SELATAN,2020-09-25,44,39,5,104.16946472724611,-3.216211808074814,5734,4132,336,1266
SUMATERA BARAT,2020-09-25,208,83,4,100.46506235673566,-0.850253225078247,5363,2724,104,2535
BANTEN,2020-09-25,111,236,2,106.10900433346703,-6.45673638769843,5050,3218,162,1670
SULAWESI UTARA,2020-09-25,33,12,0,124.52123964154268,1.25963821247857,4390,3463,172,755
ACEH,2020-09-25,91,0,2,96.9105217406655,4.225614627700759,3982,1889,147,1946
KALIMANTAN TENGAH,2020-09-25,43,30,0,113.41765363593119,-1.6024846527267131,3474,2636,130,708
NUSA TENGGARA BARAT,2020-09-25,18,39,2,117.50862565333749,-8.606998865706263,3218,2536,192,490
MALUKU,2020-09-25,0,0,0,129.576792,-3.192572,2654,1687,40,927
GORONTALO,2020-09-25,45,9,2,122.37605812253207,0.687002604326393,2534,2199,75,260
SULAWESI TENGGARA,2020-09-25,79,28,1,122.07031100195121,-4.124688793498832,2501,1779,53,669
DAERAH ISTIMEWA YOGYAKARTA,2020-09-25,61,25,0,110.44487831193419,-7.894501850215696,2458,1677,64,717
MALUKU UTARA,2020-09-25,6,0,0,127.53910724599248,0.21203694908578316,2045,1799,74,172
KEPULAUAN RIAU,2020-09-25,147,13,0,108.261746,3.916346,2022,1227,56,739
PAPUA BARAT,2020-09-25,146,100,3,132.9762624116817,-2.045160182312363,1820,1039,29,752
KALIMANTAN BARAT,2020-09-25,34,40,0,111.12117763730221,-0.08647457175645347,935,769,8,158
LAMPUNG,2020-09-25,15,25,0,105.0214365998642,-4.916792974850312,814,519,30,265
BENGKULU,2020-09-25,11,12,1,102.33842134883429,-3.5335836266267204,590,379,32,179
SULAWESI BARAT,2020-09-25,21,12,2,119.34501936431505,-2.4617460526098855,567,407,11,149
KALIMANTAN UTARA,2020-09-25,6,14,1,116.2188791390853,2.8910126208140725,556,448,4,104
JAMBI,2020-09-25,10,1,0,102.72364042732815,-1.6976976604117253,409,263,8,138
NUSA TENGGARA TIMUR,2020-09-25,21,0,0,121.592271,-8.682205,388,240,6,142
SULAWESI TENGAH,2020-09-25,6,0,0,121.20109267528304,-1.0041366797829747,354,243,15,96
KEPULAUAN BANGKA BELITUNG,2020-09-25,1,3,0,106.54993237860324,-2.4474441268980818,336,277,4,55
DKI JAKARTA,2020-09-26,1322,764,12,106.83611829006928,-6.204698991169558,69224,55032,1673,12519
JAWA TIMUR,2020-09-26,279,338,18,112.73294137529294,-7.72334557860008,42670,35543,3102,4025
JAWA TENGAH,2020-09-26,364,212,14,110.20111493755839,-7.259097176704969,21368,15253,1386,4729
JAWA BARAT,2020-09-26,393,624,18,107.60370834146391,-6.920432082789247,20517,12644,386,7487
SULAWESI SELATAN,2020-09-26,207,150,4,120.16205590507643,-3.7310807143894262,15175,11111,410,3654
KALIMANTAN SELATAN,2020-09-26,40,15,2,115.43857828622947,-2.993594978837896,10120,8518,412,1190
SUMATERA UTARA,2020-09-26,98,155,2,99.05196442214273,2.1918944531362854,9941,6262,417,3262
BALI,2020-09-26,63,87,2,115.13171361168976,-8.369471688211744,8452,6915,247,1290
KALIMANTAN TIMUR,2020-09-26,219,98,2,116.46844046560851,0.4538580295500849,8070,5178,296,2596
RIAU,2020-09-26,262,200,6,101.80510917866684,0.5116478513723942,6577,3141,137,3299
PAPUA,2020-09-26,77,55,0,138.69602998221484,-4.666209529820138,5840,3743,80,2017
SUMATERA SELATAN,2020-09-26,60,21,1,104.16946472724611,-3.216211808074814,5794,4153,337,1304
SUMATERA BARAT,2020-09-26,141,117,1,100.46506235673566,-0.850253225078247,5504,2847,105,2552
BANTEN,2020-09-26,135,47,0,106.10900433346703,-6.45673638769843,5185,3265,162,1758
SULAWESI UTARA,2020-09-26,22,34,1,124.52123964154268,1.25963821247857,4412,3497,173,742
ACEH,2020-09-26,191,0,3,96.9105217406655,4.225614627700759,4173,1889,150,2134
KALIMANTAN TENGAH,2020-09-26,0,0,0,113.41765363593119,-1.6024846527267131,3474,2636,130,708
NUSA TENGGARA BARAT,2020-09-26,28,11,0,117.50862565333749,-8.606998865706263,3246,2547,192,507
MALUKU,2020-09-26,73,8,1,129.576792,-3.192572,2727,1695,41,991
SULAWESI TENGGARA,2020-09-26,180,65,0,122.07031100195121,-4.124688793498832,2681,1814,53,814
GORONTALO,2020-09-26,5,6,0,122.37605812253207,0.687002604326393,2539,2205,75,259
DAERAH ISTIMEWA YOGYAKARTA,2020-09-26,41,40,0,110.44487831193419,-7.894501850215696,2499,1717,64,718
KEPULAUAN RIAU,2020-09-26,93,68,0,108.261746,3.916346,2115,1295,56,764
MALUKU UTARA,2020-09-26,3,0,0,127.53910724599248,0.21203694908578316,2048,1799,74,175
PAPUA BARAT,2020-09-26,131,17,0,132.9762624116817,-2.045160182312363,1951,1056,29,866
KALIMANTAN BARAT,2020-09-26,11,11,0,111.12117763730221,-0.08647457175645347,946,780,8,158
LAMPUNG,2020-09-26,12,62,0,105.0214365998642,-4.916792974850312,826,581,30,215
BENGKULU,2020-09-26,10,12,2,102.33842134883429,-3.5335836266267204,600,391,34,175
SULAWESI BARAT,2020-09-26,4,1,0,119.34501936431505,-2.4617460526098855,571,408,11,152
KALIMANTAN UTARA,2020-09-26,7,0,0,116.2188791390853,2.8910126208140725,563,448,4,111
JAMBI,2020-09-26,16,0,1,102.72364042732815,-1.6976976604117253,425,263,9,153
NUSA TENGGARA TIMUR,2020-09-26,6,10,0,121.592271,-8.682205,394,250,6,138
SULAWESI TENGAH,2020-09-26,21,4,0,121.20109267528304,-1.0041366797829747,375,247,15,113
KEPULAUAN BANGKA BELITUNG,2020-09-26,1,1,0,106.54993237860324,-2.4474441268980818,337,278,4,55
DKI JAKARTA,2020-10-02,1198,655,3,106.83611829006928,-6.204698991169558,76187,62009,1738,12440
JAWA TIMUR,2020-10-02,283,360,18,112.73294137529294,-7.72334557860008,44341,37741,3240,3360
JAWA BARAT,2020-10-02,544,185,15,107.60370834146391,-6.920432082789247,23308,13963,450,8895
JAWA TENGAH,2020-10-02,344,203,17,110.20111493755839,-7.259097176704969,23078,16421,1436,5221
SULAWESI SELATAN,2020-10-02,74,196,0,120.16205590507643,-3.7310807143894262,15772,12773,420,2579
SUMATERA UTARA,2020-10-02,89,180,2,99.05196442214273,2.1918944531362854,10513,7306,436,2771
KALIMANTAN SELATAN,2020-10-02,76,63,4,115.43857828622947,-2.993594978837896,10479,8920,425,1134
BALI,2020-10-02,130,91,6,115.13171361168976,-8.369471688211744,9149,7578,284,1287
KALIMANTAN TIMUR,2020-10-02,319,84,10,116.46844046560851,0.4538580295500849,9101,5964,362,2775
RIAU,2020-10-02,181,155,6,101.80510917866684,0.5116478513723942,8068,4283,172,3613
SUMATERA BARAT,2020-10-02,114,132,5,100.46506235673566,-0.850253225078247,6587,3424,135,3028
PAPUA,2020-10-02,122,60,3,138.69602998221484,-4.666209529820138,6504,3927,94,2483
SUMATERA SELATAN,2020-10-02,72,86,3,104.16946472724611,-3.216211808074814,6207,4508,354,1345
BANTEN,2020-10-02,82,114,3,106.10900433346703,-6.45673638769843,5825,4214,177,1434
ACEH,2020-10-02,188,0,5,96.9105217406655,4.225614627700759,4854,2487,184,2183
SULAWESI UTARA,2020-10-02,25,38,1,124.52123964154268,1.25963821247857,4530,3658,177,695
KALIMANTAN TENGAH,2020-10-02,29,33,0,113.41765363593119,-1.6024846527267131,3720,2864,133,723
NUSA TENGGARA BARAT,2020-10-02,26,7,2,117.50862565333749,-8.606998865706263,3372,2659,200,513
SULAWESI TENGGARA,2020-10-02,79,88,0,122.07031100195121,-4.124688793498832,2989,2037,61,891
MALUKU,2020-10-02,117,0,0,129.576792,-3.192572,2976,1859,41,1076
GORONTALO,2020-10-02,16,21,0,122.37605812253207,0.687002604326393,2775,2319,76,380
DAERAH ISTIMEWA YOGYAKARTA,2020-10-02,20,23,4,110.44487831193419,-7.894501850215696,2700,1957,73,670
KEPULAUAN RIAU,2020-10-02,23,9,0,108.261746,3.916346,2273,1428,56,789
PAPUA BARAT,2020-10-02,47,0,0,132.9762624116817,-2.045160182312363,2213,1164,35,1014
MALUKU UTARA,2020-10-02,7,0,0,127.53910724599248,0.21203694908578316,2074,1802,74,198
KALIMANTAN BARAT,2020-10-02,6,18,0,111.12117763730221,-0.08647457175645347,1017,842,9,166
LAMPUNG,2020-10-02,25,17,3,105.0214365998642,-4.916792974850312,932,672,36,224
SULAWESI BARAT,2020-10-02,5,4,0,119.34501936431505,-2.4617460526098855,809,428,11,370
BENGKULU,2020-10-02,9,10,1,102.33842134883429,-3.5335836266267204,722,466,37,219
KALIMANTAN UTARA,2020-10-02,7,1,0,116.2188791390853,2.8910126208140725,590,503,4,83
JAMBI,2020-10-02,24,5,3,102.72364042732815,-1.6976976604117253,558,273,14,271
SULAWESI TENGAH,2020-10-02,10,4,1,121.20109267528304,-1.0041366797829747,450,291,17,142
NUSA TENGGARA TIMUR,2020-10-02,10,3,0,121.592271,-8.682205,439,285,6,148
KEPULAUAN BANGKA BELITUNG,2020-10-02,16,9,1,106.54993237860324,-2.4474441268980818,387,312,5,70
DKI JAKARTA,2020-10-05,1022,986,16,106.83611829006928,-6.204698991169558,79872,65213,1771,12888
JAWA TIMUR,2020-10-05,237,285,22,112.73294137529294,-7.72334557860008,45135,38688,3302,3145
JAWA BARAT,2020-10-05,505,796,15,107.60370834146391,-6.920432082789247,24402,14927,495,8980
JAWA TENGAH,2020-10-05,365,195,5,110.20111493755839,-7.259097176704969,24129,16999,1449,5681
SULAWESI SELATAN,2020-10-05,17,156,0,120.16205590507643,-3.7310807143894262,15900,13169,427,2304
SUMATERA UTARA,2020-10-05,89,121,3,99.05196442214273,2.1918944531362854,10771,7667,445,2659
KALIMANTAN SELATAN,2020-10-05,45,32,1,115.43857828622947,-2.993594978837896,10662,9119,429,1114
KALIMANTAN TIMUR,2020-10-05,117,197,9,116.46844046560851,0.4538580295500849,9563,6539,376,2648
BALI,2020-10-05,83,127,4,115.13171361168976,-8.369471688211744,9448,7943,295,1210
RIAU,2020-10-05,298,283,8,101.80510917866684,0.5116478513723942,8701,5264,191,3246
SUMATERA BARAT,2020-10-05,216,154,3,100.46506235673566,-0.850253225078247,7343,3825,146,3372
PAPUA,2020-10-05,100,0,0,138.69602998221484,-4.666209529820138,6881,4005,103,2773
SUMATERA SELATAN,2020-10-05,23,75,1,104.16946472724611,-3.216211808074814,6346,4738,357,1251
BANTEN,2020-10-05,139,72,3,106.10900433346703,-6.45673638769843,6268,4454,187,1627
ACEH,2020-10-05,70,178,5,96.9105217406655,4.225614627700759,5064,3016,198,1850
SULAWESI UTARA,2020-10-05,19,41,1,124.52123964154268,1.25963821247857,4595,3751,178,666
KALIMANTAN TENGAH,2020-10-05,28,38,0,113.41765363593119,-1.6024846527267131,3804,3014,134,656
NUSA TENGGARA BARAT,2020-10-05,21,20,0,117.50862565333749,-8.606998865706263,3441,2706,203,532
SULAWESI TENGGARA,2020-10-05,3,86,1,122.07031100195121,-4.124688793498832,3069,2147,63,859
MALUKU,2020-10-05,22,0,0,129.576792,-3.192572,3062,1918,41,1103
GORONTALO,2020-10-05,23,33,1,122.37605812253207,0.687002604326393,2839,2392,77,370
DAERAH ISTIMEWA YOGYAKARTA,2020-10-05,22,77,0,110.44487831193419,-7.894501850215696,2813,2123,75,615
KEPULAUAN RIAU,2020-10-05,39,86,3,108.261746,3.916346,2382,1549,59,774
PAPUA BARAT,2020-10-05,15,20,0,132.9762624116817,-2.045160182312363,2361,1278,36,1047
MALUKU UTARA,2020-10-05,2,8,0,127.53910724599248,0.21203694908578316,2077,1819,74,184
KALIMANTAN BARAT,2020-10-05,2,0,0,111.12117763730221,-0.08647457175645347,1044,866,9,169
LAMPUNG,2020-10-05,37,16,0,105.0214365998642,-4.916792974850312,988,710,36,242
SULAWESI BARAT,2020-10-05,1,4,0,119.34501936431505,-2.4617460526098855,830,469,11,350
BENGKULU,2020-10-05,24,29,0,102.33842134883429,-3.5335836266267204,752,501,37,214
JAMBI,2020-10-05,25,5,0,102.72364042732815,-1.6976976604117253,618,286,14,318
KALIMANTAN UTARA,2020-10-05,2,3,0,116.2188791390853,2.8910126208140725,605,531,5,69
SULAWESI TENGAH,2020-10-05,1,2,1,121.20109267528304,-1.0041366797829747,467,312,18,137
NUSA TENGGARA TIMUR,2020-10-05,1,13,0,121.592271,-8.682205,465,319,6,140
KEPULAUAN BANGKA BELITUNG,2020-10-05,12,6,0,106.54993237860324,-2.4474441268980818,423,328,6,89
DKI JAKARTA,2020-10-07,1211,986,15,106.83611829006928,-6.204698991169558,82190,67216,1817,13157
JAWA TIMUR,2020-10-07,331,293,25,112.73294137529294,-7.72334557860008,45748,39273,3350,3125
JAWA BARAT,2020-10-07,756,513,13,107.60370834146391,-6.920432082789247,25662,15641,524,9497
JAWA TENGAH,2020-10-07,384,269,4,110.20111493755839,-7.259097176704969,24913,17609,1462,5842
SULAWESI SELATAN,2020-10-07,141,85,0,120.16205590507643,-3.7310807143894262,16085,13454,427,2204
SUMATERA UTARA,2020-10-07,96,177,5,99.05196442214273,2.1918944531362854,10965,8048,452,2465
KALIMANTAN SELATAN,2020-10-07,40,68,1,115.43857828622947,-2.993594978837896,10774,9294,433,1047
KALIMANTAN TIMUR,2020-10-07,202,110,4,116.46844046560851,0.4538580295500849,9965,6800,383,2782
BALI,2020-10-07,105,120,5,115.13171361168976,-8.369471688211744,9652,8192,306,1154
RIAU,2020-10-07,150,260,2,101.80510917866684,0.5116478513723942,8982,5699,199,3084
SUMATERA BARAT,2020-10-07,194,119,9,100.46506235673566,-0.850253225078247,7623,4244,158,3221
PAPUA,2020-10-07,141,51,0,138.69602998221484,-4.666209529820138,7214,4111,106,2997
SUMATERA SELATAN,2020-10-07,114,44,2,104.16946472724611,-3.216211808074814,6531,4786,364,1381
BANTEN,2020-10-07,80,122,1,106.10900433346703,-6.45673638769843,6448,4674,192,1582
ACEH,2020-10-07,72,211,2,96.9105217406655,4.225614627700759,5254,3326,204,1724
SULAWESI UTARA,2020-10-07,22,51,1,124.52123964154268,1.25963821247857,4652,3817,179,656
KALIMANTAN TENGAH,2020-10-07,37,36,1,113.41765363593119,-1.6024846527267131,3855,3092,138,625
NUSA TENGGARA BARAT,2020-10-07,7,18,0,117.50862565333749,-8.606998865706263,3471,2757,203,511
SULAWESI TENGGARA,2020-10-07,95,30,1,122.07031100195121,-4.124688793498832,3256,2242,64,950
MALUKU,2020-10-07,48,48,0,129.576792,-3.192572,3178,1982,41,1155
GORONTALO,2020-10-07,83,24,0,122.37605812253207,0.687002604326393,2922,2443,77,402
DAERAH ISTIMEWA YOGYAKARTA,2020-10-07,20,20,0,110.44487831193419,-7.894501850215696,2853,2183,75,595
PAPUA BARAT,2020-10-07,69,41,3,132.9762624116817,-2.045160182312363,2544,1386,39,1119
KEPULAUAN RIAU,2020-10-07,10,100,0,108.261746,3.916346,2421,1693,59,669
MALUKU UTARA,2020-10-07,0,8,0,127.53910724599248,0.21203694908578316,2077,1831,74,172
KALIMANTAN BARAT,2020-10-07,10,4,0,111.12117763730221,-0.08647457175645347,1095,878,9,208
LAMPUNG,2020-10-07,16,0,2,105.0214365998642,-4.916792974850312,1031,732,38,261
SULAWESI BARAT,2020-10-07,20,4,0,119.34501936431505,-2.4617460526098855,862,478,11,373
BENGKULU,2020-10-07,4,20,0,102.33842134883429,-3.5335836266267204,762,551,37,174
JAMBI,2020-10-07,22,10,0,102.72364042732815,-1.6976976604117253,669,303,14,352
KALIMANTAN UTARA,2020-10-07,13,3,0,116.2188791390853,2.8910126208140725,623,553,5,65
SULAWESI TENGAH,2020-10-07,23,4,1,121.20109267528304,-1.0041366797829747,514,328,20,166
NUSA TENGGARA TIMUR,2020-10-07,18,3,0,121.592271,-8.682205,485,336,6,143
KEPULAUAN BANGKA BELITUNG,2020-10-07,10,1,0,106.54993237860324,-2.4474441268980818,438,331,6,101
DKI JAKARTA,2020-10-08,1182,1044,17,106.83611829006928,-6.204698991169558,83372,68260,1834,13278
JAWA TIMUR,2020-10-08,347,334,24,112.73294137529294,-7.72334557860008,46095,39607,3374,3114
JAWA BARAT,2020-10-08,597,325,3,107.60370834146391,-6.920432082789247,26259,15966,527,9766
JAWA TENGAH,2020-10-08,348,270,10,110.20111493755839,-7.259097176704969,25261,17879,1472,5910
SULAWESI SELATAN,2020-10-08,215,127,2,120.16205590507643,-3.7310807143894262,16298,13581,429,2288
SUMATERA UTARA,2020-10-08,99,189,7,99.05196442214273,2.1918944531362854,11064,8237,459,2368
KALIMANTAN SELATAN,2020-10-08,42,69,5,115.43857828622947,-2.993594978837896,10816,9363,438,1015
KALIMANTAN TIMUR,2020-10-08,238,238,11,116.46844046560851,0.4538580295500849,10203,7038,394,2771
BALI,2020-10-08,107,125,7,115.13171361168976,-8.369471688211744,9759,8317,313,1129
RIAU,2020-10-08,244,91,3,101.80510917866684,0.5116478513723942,9226,5790,202,3234
SUMATERA BARAT,2020-10-08,201,142,4,100.46506235673566,-0.850253225078247,7824,4386,162,3276
PAPUA,2020-10-08,98,47,1,138.69602998221484,-4.666209529820138,7312,4158,107,3047
SUMATERA SELATAN,2020-10-08,83,151,3,104.16946472724611,-3.216211808074814,6614,4937,367,1310
BANTEN,2020-10-08,122,94,5,106.10900433346703,-6.45673638769843,6570,4768,197,1605
ACEH,2020-10-08,169,166,0,96.9105217406655,4.225614627700759,5423,3492,204,1727
SULAWESI UTARA,2020-10-08,33,23,0,124.52123964154268,1.25963821247857,4685,3840,179,666
KALIMANTAN TENGAH,2020-10-08,11,50,1,113.41765363593119,-1.6024846527267131,3866,3141,139,586
NUSA TENGGARA BARAT,2020-10-08,14,13,0,117.50862565333749,-8.606998865706263,3485,2770,203,512
SULAWESI TENGGARA,2020-10-08,100,31,0,122.07031100195121,-4.124688793498832,3356,2273,64,1019
MALUKU,2020-10-08,94,32,0,129.576792,-3.192572,3272,2014,41,1217
GORONTALO,2020-10-08,9,0,1,122.37605812253207,0.687002604326393,2931,2443,78,410
DAERAH ISTIMEWA YOGYAKARTA,2020-10-08,51,9,1,110.44487831193419,-7.894501850215696,2904,2192,76,636
PAPUA BARAT,2020-10-08,210,7,0,132.9762624116817,-2.045160182312363,2754,1393,39,1322
KEPULAUAN RIAU,2020-10-08,29,133,1,108.261746,3.916346,2450,1826,60,564
MALUKU UTARA,2020-10-08,5,0,0,127.53910724599248,0.21203694908578316,2082,1831,74,177
KALIMANTAN BARAT,2020-10-08,13,1,0,111.12117763730221,-0.08647457175645347,1108,879,9,220
LAMPUNG,2020-10-08,58,16,0,105.0214365998642,-4.916792974850312,1089,748,38,303
SULAWESI BARAT,2020-10-08,6,6,0,119.34501936431505,-2.4617460526098855,868,484,11,373
BENGKULU,2020-10-08,12,20,0,102.33842134883429,-3.5335836266267204,774,571,37,166
JAMBI,2020-10-08,46,1,0,102.72364042732815,-1.6976976604117253,715,304,14,397
KALIMANTAN UTARA,2020-10-08,6,2,0,116.2188791390853,2.8910126208140725,629,555,5,69
NUSA TENGGARA TIMUR,2020-10-08,47,7,1,121.592271,-8.682205,532,343,7,182
SULAWESI TENGAH,2020-10-08,14,7,1,121.20109267528304,-1.0041366797829747,528,335,21,172
KEPULAUAN BANGKA BELITUNG,2020-10-08,2,0,0,106.54993237860324,-2.4474441268980818,440,331,6,103
DKI JAKARTA,2020-10-09,943,850,21,106.83611829006928,-6.204698991169558,84315,69110,1855,13350
JAWA TIMUR,2020-10-09,310,306,20,112.73294137529294,-7.72334557860008,46405,39913,3394,3098
JAWA BARAT,2020-10-09,504,563,2,107.60370834146391,-6.920432082789247,26763,16529,529,9705
JAWA TENGAH,2020-10-09,412,210,10,110.20111493755839,-7.259097176704969,25673,18089,1482,6102
SULAWESI SELATAN,2020-10-09,115,111,2,120.16205590507643,-3.7310807143894262,16399,13692,431,2276
SUMATERA UTARA,2020-10-09,95,164,2,99.05196442214273,2.1918944531362854,11159,8401,461,2297
KALIMANTAN SELATAN,2020-10-09,81,142,1,115.43857828622947,-2.993594978837896,10897,9505,439,953
KALIMANTAN TIMUR,2020-10-09,135,182,10,116.46844046560851,0.4538580295500849,10338,7220,404,2714
BALI,2020-10-09,138,138,4,115.13171361168976,-8.369471688211744,9897,8455,317,1125
RIAU,2020-10-09,204,66,6,101.80510917866684,0.5116478513723942,9430,5856,208,3366
SUMATERA BARAT,2020-10-09,295,167,4,100.46506235673566,-0.850253225078247,8119,4553,166,3400
PAPUA,2020-10-09,116,0,0,138.69602998221484,-4.666209529820138,7428,4158,107,3163
BANTEN,2020-10-09,141,86,0,106.10900433346703,-6.45673638769843,6711,4854,197,1660
SUMATERA SELATAN,2020-10-09,63,65,3,104.16946472724611,-3.216211808074814,6677,5002,370,1305
ACEH,2020-10-09,123,93,2,96.9105217406655,4.225614627700759,5546,3585,206,1755
SULAWESI UTARA,2020-10-09,19,35,1,124.52123964154268,1.25963821247857,4704,3875,180,649
KALIMANTAN TENGAH,2020-10-09,24,8,0,113.41765363593119,-1.6024846527267131,3890,3149,139,602
NUSA TENGGARA BARAT,2020-10-09,28,22,2,117.50862565333749,-8.606998865706263,3513,2792,205,516
SULAWESI TENGGARA,2020-10-09,63,36,1,122.07031100195121,-4.124688793498832,3419,2309,65,1045
MALUKU,2020-10-09,0,0,0,129.576792,-3.192572,3272,2014,41,1217
DAERAH ISTIMEWA YOGYAKARTA,2020-10-09,56,31,2,110.44487831193419,-7.894501850215696,2960,2223,78,659
GORONTALO,2020-10-09,2,106,0,122.37605812253207,0.687002604326393,2933,2549,78,306
PAPUA BARAT,2020-10-09,100,87,0,132.9762624116817,-2.045160182312363,2854,1480,39,1335
KEPULAUAN RIAU,2020-10-09,0,0,0,108.261746,3.916346,2450,1826,60,564
MALUKU UTARA,2020-10-09,0,33,0,127.53910724599248,0.21203694908578316,2082,1864,74,144
KALIMANTAN BARAT,2020-10-09,28,30,0,111.12117763730221,-0.08647457175645347,1136,909,9,218
LAMPUNG,2020-10-09,0,17,1,105.0214365998642,-4.916792974850312,1089,765,39,285
SULAWESI BARAT,2020-10-09,10,8,0,119.34501936431505,-2.4617460526098855,878,492,11,375
BENGKULU,2020-10-09,11,14,1,102.33842134883429,-3.5335836266267204,785,585,38,162
JAMBI,2020-10-09,45,5,2,102.72364042732815,-1.6976976604117253,760,309,16,435
KALIMANTAN UTARA,2020-10-09,3,4,0,116.2188791390853,2.8910126208140725,632,559,5,68
NUSA TENGGARA TIMUR,2020-10-09,19,6,0,121.592271,-8.682205,551,349,7,195
SULAWESI TENGAH,2020-10-09,11,20,0,121.20109267528304,-1.0041366797829747,539,355,21,163
KEPULAUAN BANGKA BELITUNG,2020-10-09,14,2,0,106.54993237860324,-2.4474441268980818,454,333,6,115
